could you give me access of,access
could you give me acces to,access
give me access of,access
help me to get access of,access
help me to resolve issue while accessing ,access
help me to resolve issue while login ,access
I am not able to access,access
i am not able to login,access
I want to access,access
I want access of,access
I have issue while login,access
I forget my passowrd, passwordreset
I want to reset password, passwordreset
password is not working, passwordreset
forget my password, passwordreset
reset my password, passwordreset
want to reset my password, passwordreset
password is expired, passwordreset